<?xml version="1.0" encoding="UTF-8"?>
<project-private xmlns="http://www.netbeans.org/ns/project-private/1">
    <editor-bookmarks xmlns="http://www.netbeans.org/ns/editor-bookmarks/2" lastBookmarkId="0"/>
    <open-files xmlns="http://www.netbeans.org/ns/projectui-open-files/2">
        <group>
            <file>file:/C:/Users/URIEL/OneDrive/Desktop/Franco_García_Isabel_T03/src/franco_garcía_isabel_t03/Franco_García_Isabel_T03.java</file>
            <file>file:/C:/Users/URIEL/OneDrive/Desktop/Franco_García_Isabel_T03/src/franco_garcía_isabel_t03/Player.java</file>
        </group>
    </open-files>
</project-private>
