<?xml version="1.0" encoding="UTF-8"?>
<project-private xmlns="http://www.netbeans.org/ns/project-private/1">
    <editor-bookmarks xmlns="http://www.netbeans.org/ns/editor-bookmarks/2" lastBookmarkId="0"/>
    <open-files xmlns="http://www.netbeans.org/ns/projectui-open-files/2">
        <group>
            <file>file:/C:/Users/URIEL/OneDrive/Desktop/Valencia_Saldana_Uriel_Israel_T06/src/Valencia_Saldana_Uriel_Israel_T06/BussinesClass.java</file>
            <file>file:/C:/Users/URIEL/OneDrive/Desktop/Valencia_Saldana_Uriel_Israel_T06/src/Valencia_Saldana_Uriel_Israel_T06/TuristClass.java</file>
            <file>file:/C:/Users/URIEL/OneDrive/Desktop/Valencia_Saldana_Uriel_Israel_T06/src/Valencia_Saldana_Uriel_Israel_T06/Valencia_Saldana_Uriel_Israel_T06.java</file>
            <file>file:/C:/Users/URIEL/OneDrive/Desktop/Valencia_Saldana_Uriel_Israel_T06/src/Valencia_Saldana_Uriel_Israel_T06/AvionBoletos.java</file>
        </group>
    </open-files>
</project-private>
