<?xml version="1.0" encoding="UTF-8"?>
<project-private xmlns="http://www.netbeans.org/ns/project-private/1">
    <editor-bookmarks xmlns="http://www.netbeans.org/ns/editor-bookmarks/2" lastBookmarkId="0"/>
    <open-files xmlns="http://www.netbeans.org/ns/projectui-open-files/2">
        <group>
            <file>file:/C:/Users/URIEL/OneDrive/Desktop/Tareas/.6to%20Semestre/POO/Valencia_Saldana_Uriel_Israel_T02/src/Valencia_Saldaña_Uriel_Israel/Valencia_Saldaña_Uriel_Israel.java</file>
            <file>file:/C:/Users/URIEL/OneDrive/Desktop/Tareas/.6to%20Semestre/POO/Valencia_Saldana_Uriel_Israel_T02/src/Valencia_Saldaña_Uriel_Israel/Cuenta.java</file>
        </group>
    </open-files>
</project-private>
